Group,Experiment,Problem Space,Samples,Iterations,Failure,Baseline,us/Iteration,Iterations/sec,Min (us),Mean (us),Max (us),Variance,Standard Deviation,Skewness,Kurtosis,Z Score
SPRP,isPrimeNaive,2,30,10,0,1,2206.2,453.268,22062,23314.9,24614,441108,664.159,0.0673819,-0.878737,1.88645
SPRP,isPrimeNaive,4,30,10,0,1,2211.9,452.1,22119,23664,26968,1.43698e+06,1198.74,1.05253,0.663334,1.28888
SPRP,isPrimeNaive,8,30,10,0,1,2213.2,451.834,22132,23602.8,26821,1.41069e+06,1187.72,1.27222,1.08959,1.23833
SPRP,isPrimeNaive,16,30,10,0,1,2213.4,451.794,22134,23480.5,25827,820588,905.863,0.5586,-0.0374181,1.48646
SPRP,isPrimeNaive,32,30,10,0,1,2208.7,452.755,22087,23559.6,25762,916506,957.343,0.551772,-0.545662,1.53822
SPRP,isPrimeNaive,64,30,10,0,1,2206.9,453.124,22069,23479.7,27395,1.1739e+06,1083.47,1.68943,3.82222,1.30199
SPRP,isPrimeNaive,128,30,10,0,1,2218.5,450.755,22185,23585.5,26249,1.17464e+06,1083.81,0.790969,-0.208246,1.29223
SPRP,isPrimeNaive,256,30,10,0,1,2216,451.264,22160,23504.7,25760,836698,914.712,0.933681,0.308902,1.47008
SPRP,isPrimeNaive,512,30,10,0,1,2228.2,448.793,22282,24555.2,35228,5.10031e+06,2258.39,3.6365,14.9047,1.00656
SPRP,isPrimeNaive,1024,30,10,0,1,2341.8,427.022,23418,25937.3,32110,5.72691e+06,2393.1,1.1361,0.412472,1.05272
SPRP,isPrimeNaive,2048,30,10,0,1,2397.5,417.101,23975,28258.9,44689,2.0561e+07,4534.42,1.77295,3.71523,0.944744
SPRP,isPrimeNaive,4096,30,10,0,1,2397.6,417.084,23976,27463.1,38143,1.22072e+07,3493.87,1.78778,3.0279,0.998061
SPRP,isPrimeNaive,8192,30,10,0,1,2569.1,389.241,25691,30352.5,41601,2.21818e+07,4709.75,0.814695,-0.518251,0.989755
SPRP,isPrimeNaive,16384,30,10,0,1,2752.1,363.359,27521,29436.2,34397,1.83471e+06,1354.52,1.67011,4.22544,1.41391
SPRP,isPrimeNaive,32768,30,10,0,1,3141.6,318.309,31416,34086.4,40290,6.41064e+06,2531.92,1.3609,0.839488,1.05468
SPRP,isPrimeNaive,65536,30,10,0,1,3713,269.324,37130,39633.6,46099,4.52699e+06,2127.67,1.22605,1.18061,1.1767
SPRP,isPrimeNaive,131072,30,10,0,1,4673.5,213.972,46735,49298.8,53775,3.55226e+06,1884.74,0.947273,0.15901,1.36029
SPRP,isPrimeNaive,262144,30,10,0,1,6135.5,162.986,61355,63983,66715,2.22572e+06,1491.89,0.344554,-0.572851,1.76153
SPRP,isPrimeNaive,524288,30,10,0,1,8261.6,121.042,82616,86104.5,90440,3.93609e+06,1983.96,0.35489,-0.548152,1.75834
SPRP,isPrimeNaive,1048576,30,10,0,1,11343.4,88.157,113434,118418,124100,6.28529e+06,2507.05,0.00206701,-0.511062,1.98805
SPRP,isPrimeNaive,2097152,30,10,0,1,15785.3,63.3501,157853,163311,169729,7.44632e+06,2728.79,0.377393,-0.313215,2.00025
SPRP,isPrimeNaive,4194304,30,10,0,1,22672.1,44.1071,226721,231342,241360,1.43363e+07,3786.34,0.843331,-0.1041,1.22045
SPRP,isPrimeNaive,8388608,30,10,0,1,31342.9,31.9052,313429,326231,354987,8.35336e+07,9139.67,1.12822,1.48182,1.40067
SPRP,isPrimeNaive,16777216,30,10,0,1,44668.2,22.3873,446682,462537,498121,2.04052e+08,14284.7,1.21955,0.509689,1.10995
SPRP,isPrimeNaive,33554432,30,10,0,1,62973.4,15.8797,629734,651591,685640,1.85804e+08,13631,0.896101,0.224689,1.60348
SPRP,isPrimeNaive,67108864,30,10,0,1,89171.7,11.2143,891717,918805,1020203,9.35736e+08,30589.8,2.39702,5.45131,0.885535
SPRP,isPrimeNaive,134217728,30,10,0,1,126324,7.91617,1263237,1.27872e+06,1298846,8.02984e+07,8960.94,0.443203,-0.250897,1.72742
SPRP,isPrimeNaive,268435456,30,10,0,1,177726,5.62665,1777255,1.81722e+06,2003170,2.05704e+09,45354.6,2.59077,7.61111,0.881079
SPRP,isPrimeNaive,536870912,30,10,0,1,251624,3.97418,2516241,2.6356e+06,2991946,1.53754e+10,123997,1.61673,1.81681,0.96259
SPRP,isPrimeNaive,1073741824,30,10,0,1,354618,2.81994,3546181,3.65004e+06,4225459,2.13027e+10,145955,2.72785,7.1163,0.711554
SPRP,isPrimeNaive,2147483648,30,10,0,1,499467,2.00214,4994668,5.07085e+06,5588085,1.13043e+10,106322,4.01493,17.0543,0.716543
SPRP,iBPSW,2,30,10,0,0.879929,1941.3,515.119,19413,21460.5,25574,3.47375e+06,1863.8,1.10534,-0.00868644,1.09856
SPRP,iBPSW,4,30,10,0,0.887834,1963.8,509.217,19638,20719.8,23471,884415,940.433,1.30569,0.976708,1.15029
SPRP,iBPSW,8,30,10,0,0.878457,1944.2,514.35,19442,20624.2,22738,663935,814.822,0.530968,-0.27736,1.45083
SPRP,iBPSW,16,30,10,0,0.875983,1938.9,515.756,19389,20749.1,23256,1.06066e+06,1029.88,1.25414,0.636211,1.32063
SPRP,iBPSW,32,30,10,0,0.877394,1937.9,516.022,19379,20549.3,24117,841902,917.552,1.97488,5.70883,1.27549
SPRP,iBPSW,64,30,10,0,0.884453,1951.9,512.321,19519,20833.6,24816,1.33647e+06,1156.06,2.3148,5.24908,1.13714
SPRP,iBPSW,128,30,10,0,0.876087,1943.6,514.509,19436,20676.5,24327,812491,901.383,2.31338,7.21183,1.37618
SPRP,iBPSW,256,30,10,0,0.882446,1955.5,511.378,19555,20652.3,22334,461411,679.273,0.607753,-0.0607927,1.6154
SPRP,iBPSW,512,30,10,0,0.881025,1963.1,509.398,19631,21083.6,24333,1.14235e+06,1068.81,1.25228,1.29711,1.35908
SPRP,iBPSW,1024,30,10,0,0.848535,1987.1,503.246,19871,21485.1,25631,1.98065e+06,1407.36,1.56274,1.95746,1.14688
SPRP,iBPSW,2048,30,10,0,0.837706,2008.4,497.909,20084,21680.3,26732,1.8294e+06,1352.55,2.06397,4.85837,1.18024
SPRP,iBPSW,4096,30,10,0,0.860444,2063,484.731,20630,22060.2,25940,895065,946.079,2.30895,7.52637,1.51171
SPRP,iBPSW,8192,30,10,0,0.83901,2155.5,463.929,21555,22808.5,27301,1.05268e+06,1026,2.97795,10.5858,1.22177
SPRP,iBPSW,16384,30,10,0,0.843901,2322.5,430.571,23225,24972.1,29377,1.84664e+06,1358.91,1.48585,2.25206,1.28564
SPRP,iBPSW,32768,30,10,0,0.817131,2567.1,389.545,25671,27347.1,30473,1.31774e+06,1147.93,1.02301,0.359913,1.46013
SPRP,iBPSW,65536,30,10,0,0.801966,2977.7,335.83,29777,31639.9,34368,1.53582e+06,1239.28,0.687386,-0.293286,1.50321
SPRP,iBPSW,131072,30,10,0,0.768033,3589.4,278.598,35894,37827.5,41542,2.13358e+06,1460.68,1.06515,0.601609,1.3237
SPRP,iBPSW,262144,30,10,0,0.727585,4464.1,224.009,44641,46711.3,50910,2.09832e+06,1448.56,0.822333,0.466498,1.42921
SPRP,iBPSW,524288,30,10,0,0.701862,5798.5,172.458,57985,59890.2,63100,1.54787e+06,1244.13,0.766355,0.17298,1.53137
SPRP,iBPSW,1048576,30,10,0,5.98365,67874.9,14.733,678749,699523,768921,3.90905e+08,19771.3,1.94364,3.68403,1.0507
SPRP,iBPSW,2097152,30,10,0,4.39702,69408.3,14.4075,694083,731396,880201,1.12693e+09,33569.8,3.03504,10.9922,1.11149
SPRP,iBPSW,4194304,30,10,0,3.14472,71297.5,14.0257,712975,741974,789814,3.98863e+08,19971.5,0.866357,-0.055304,1.45201
SPRP,iBPSW,8388608,30,10,0,2.40212,75289.3,13.2821,752893,776083,859040,4.72416e+08,21735.1,2.09244,5.17548,1.06695
SPRP,iBPSW,16777216,30,10,0,1.68874,75433.1,13.2568,754331,784225,814390,1.65822e+08,12877.2,0.357315,0.168681,2.32144
SPRP,iBPSW,33554432,30,10,0,1.20677,75994.4,13.1589,759944,799447,969073,1.56792e+09,39597,2.92587,9.62233,0.99762
SPRP,iBPSW,67108864,30,10,0,0.886391,79041,12.6517,790410,830644,909604,1.06013e+09,32559.7,0.922296,-0.0171927,1.23571
SPRP,iBPSW,134217728,30,10,0,0.626506,79142.5,12.6354,791425,815087,860127,2.30057e+08,15167.6,0.862602,1.13156,1.56006
SPRP,iBPSW,268435456,30,10,0,0.456325,81100.5,12.3304,811005,858221,960324,1.42006e+09,37683.7,0.930797,0.115894,1.25295
SPRP,iBPSW,536870912,30,10,0,0.325429,81885.7,12.2121,818857,849041,910000,5.60272e+08,23670.1,0.842957,-0.173726,1.27519
SPRP,iBPSW,1073741824,30,10,0,0.232109,82310.2,12.1492,823102,841533,900514,3.11072e+08,17637.2,2.15966,4.42647,1.04499
SPRP,iBPSW,2147483648,30,10,0,0.172113,85964.5,11.6327,859645,875394,902317,1.51144e+08,12294.1,0.655803,-0.723716,1.28104
SPRP,AE32_512,2,30,10,0,0.720742,1590.1,628.891,15901,17163.9,18927,662679,814.051,0.435381,-0.572524,1.55142
SPRP,AE32_512,4,30,10,0,0.725666,1605.1,623.014,16051,17510.3,20248,993512,996.751,1.17473,1.0252,1.46406
SPRP,AE32_512,8,30,10,0,0.7228,1599.7,625.117,15997,16887,18335,259278,509.193,0.374131,0.668642,1.74786
SPRP,AE32_512,16,30,10,0,0.724903,1604.5,623.247,16045,17287.8,20287,733013,856.162,1.6555,3.37173,1.45156
SPRP,AE32_512,32,30,10,0,0.727125,1606,622.665,16060,17195.4,20423,855300,924.824,2.18926,5.11717,1.22773
SPRP,AE32_512,64,30,10,0,0.758032,1672.9,597.764,16729,18899.3,21796,1.21333e+06,1101.51,0.377384,0.265941,1.97032
SPRP,AE32_512,128,30,10,0,0.754158,1673.1,597.693,16731,17345.8,18373,198010,444.983,0.713503,-0.0494156,1.3817
SPRP,AE32_512,256,30,10,0,0.737184,1633.6,612.145,16336,16896.9,17740,130357,361.05,0.749939,0.0752475,1.55362
SPRP,AE32_512,512,30,10,0,0.740149,1649.2,606.355,16492,17061.4,18462,212987,461.505,0.996955,0.910991,1.23386
SPRP,AE32_512,1024,30,10,0,0.707362,1656.5,603.682,16565,17535.5,19744,490530,700.379,1.33604,1.83566,1.38568
SPRP,AE32_512,2048,30,10,0,0.695558,1667.6,599.664,16676,17713.4,19673,666026,816.104,1.12264,0.475183,1.27116
SPRP,AE32_512,4096,30,10,0,0.709835,1701.9,587.579,17019,17773.7,19324,200749,448.05,1.21146,2.94177,1.68441
SPRP,AE32_512,8192,30,10,0,0.686077,1762.6,567.344,17626,18438.1,20180,308359,555.301,0.983579,1.2877,1.46251
SPRP,AE32_512,16384,30,10,0,0.683369,1880.7,531.717,18807,19516.6,21414,265620,515.383,1.81046,4.26855,1.37684
SPRP,AE32_512,32768,30,10,0,0.660937,2076.4,481.603,20764,21779.4,25195,826478,909.108,1.97624,4.70684,1.11688
SPRP,AE32_512,65536,30,10,0,0.65241,2422.4,412.814,24224,25297.4,27116,389709,624.267,0.840532,1.10874,1.71951
SPRP,AE32_512,131072,30,10,0,0.583674,2727.8,366.596,27278,28950.1,33710,2.05925e+06,1435.01,1.42196,2.31459,1.1652
SPRP,AE32_512,262144,30,10,0,0.43659,2678.7,373.315,26787,27780,30252,709845,842.523,1.40865,1.76415,1.17856
SPRP,AE32_512,524288,30,10,0,0.324332,2679.5,373.204,26795,28506.1,32134,1.90848e+06,1381.48,0.718299,-0.18902,1.23858
SPRP,AE32_512,1048576,30,10,0,0.239329,2714.8,368.351,27148,28073.1,29910,572140,756.399,0.971872,0.196893,1.22303
SPRP,AE32_512,2097152,30,10,0,0.179781,2837.9,352.373,28379,30217.6,35285,3.18649e+06,1785.07,1.48807,1.28731,1.02998
SPRP,AE32_512,4194304,30,10,0,0.125961,2855.8,350.165,28558,29731.2,32690,824422,907.977,1.36877,2.119,1.2921
SPRP,AE32_512,8388608,30,10,0,0.0942446,2953.9,338.535,29539,30786.3,33744,973455,986.638,1.28214,1.34619,1.26416
SPRP,AE32_512,16777216,30,10,0,0.0693066,3095.8,323.018,30958,32890,38726,4.45618e+06,2110.97,1.66064,1.73552,0.915205
SPRP,AE32_512,33554432,30,10,0,0.0505833,3185.4,313.932,31854,32770.5,34295,438769,662.396,0.502243,-0.70773,1.38361
SPRP,AE32_512,67108864,30,10,0,0.0369366,3293.7,303.61,32937,34464.7,37982,1.41046e+06,1187.63,1.31567,1.50834,1.28635
SPRP,AE32_512,134217728,30,10,0,0.0270044,3411.3,293.143,34113,35402,38006,754728,868.751,0.888915,0.951627,1.48378
SPRP,AE32_512,268435456,30,10,0,0.0199082,3538.2,282.63,35382,36802.2,42155,1.72129e+06,1311.98,2.36427,7.40454,1.08246
SPRP,AE32_512,536870912,30,10,0,0.0144454,3634.8,275.118,36348,37661,39358,550743,742.121,0.257633,-0.330401,1.76925
SPRP,AE32_512,1073741824,30,10,0,0.0108077,3832.6,260.919,38326,41500.8,50023,7.26239e+06,2694.88,1.51513,2.323,1.17807
SPRP,AE32_512,2147483648,30,10,0,0.0079723,3981.9,251.136,39819,42943.4,47638,3.58253e+06,1892.76,0.412448,-0.101426,1.65073
SPRP,AE32_256,2,30,10,0,0.759541,1675.7,596.766,16757,18068.4,20956,1.04736e+06,1023.4,1.06302,0.604234,1.28144
SPRP,AE32_256,4,30,10,0,0.758217,1677.1,596.267,16771,17927.7,19779,724951,851.44,0.839014,-0.0206371,1.35856
SPRP,AE32_256,8,30,10,0,0.75854,1678.8,595.664,16788,18136.8,19990,825261,908.439,0.200046,-0.969971,1.48478
SPRP,AE32_256,16,30,10,0,0.760866,1684.1,593.789,16841,18121.7,19391,476220,690.087,-0.146503,-0.846626,1.8559
SPRP,AE32_256,32,30,10,0,0.759542,1677.6,596.09,16776,18185.5,20568,828987,910.487,0.465643,-0.0411489,1.54811
SPRP,AE32_256,64,30,10,0,0.760297,1677.9,595.983,16779,18123.1,20580,1.03883e+06,1019.23,0.556808,-0.437794,1.31877
SPRP,AE32_256,128,30,10,0,0.757043,1679.5,595.415,16795,18239.2,20290,942794,970.976,0.0741875,-0.942626,1.48734
SPRP,AE32_256,256,30,10,0,0.759567,1683.2,594.106,16832,18145,20467,910886,954.404,0.970496,0.182763,1.37569
SPRP,AE32_256,512,30,10,0,0.749349,1669.7,598.91,16697,17767.4,20063,628388,792.71,1.20183,1.29878,1.35026
SPRP,AE32_256,1024,30,10,0,0.743744,1741.7,574.152,17417,20981.1,36519,2.42443e+07,4923.85,1.88112,2.82657,0.723845
SPRP,AE32_256,2048,30,10,0,0.716913,1718.8,581.801,17188,18716.3,21876,1.41963e+06,1191.48,1.00955,0.206475,1.28272
SPRP,AE32_256,4096,30,10,0,0.747873,1793.1,557.693,17931,19965,23964,2.08818e+06,1445.06,1.05491,0.642419,1.40758
SPRP,AE32_256,8192,30,10,0,0.726324,1866,535.906,18660,20458.2,24190,2.06168e+06,1435.86,1.04351,0.518692,1.25235
SPRP,AE32_256,16384,30,10,0,0.704335,1938.4,515.889,19384,20687.4,25116,1.27216e+06,1127.9,2.09376,6.0636,1.1556
SPRP,AE32_256,32768,30,10,0,0.6822,2143.2,466.592,21432,23498.2,26521,1.54414e+06,1242.63,0.275215,-0.325735,1.66273
SPRP,AE32_256,65536,30,10,0,0.683517,2537.9,394.027,25379,27485.5,31474,1.94176e+06,1393.47,0.612053,0.572101,1.51169
SPRP,AE32_256,131072,30,10,0,0.601327,2810.3,355.834,28103,29762.5,32947,1.18677e+06,1089.39,0.677353,0.734505,1.52333
SPRP,AE32_256,262144,30,10,0,0.446418,2739,365.097,27390,28403.9,31140,969512,984.638,1.19305,0.6572,1.02968
SPRP,AE32_256,524288,30,10,0,0.32409,2677.5,373.483,26775,27580.3,29144,553154,743.743,0.63881,-0.825983,1.08281
SPRP,AE32_256,1048576,30,10,0,0.236137,2678.6,373.329,26786,28116.4,32241,976127,987.991,2.53349,8.45043,1.3466
SPRP,AE32_256,2097152,30,10,0,0.175252,2766.4,361.481,27664,28777.6,30979,652268,807.631,0.806752,0.358559,1.37889
SPRP,AE32_256,4194304,30,10,0,0.124735,2828,353.607,28280,29503.6,32737,960424,980.012,1.39691,2.14081,1.24856
SPRP,AE32_256,8388608,30,10,0,0.0930418,2916.2,342.912,29162,30296.4,33856,905830,951.751,2.12766,5.05819,1.19194
SPRP,AE32_256,16777216,30,10,0,0.0681939,3046.1,328.289,30461,31462.2,33515,696419,834.517,0.621022,-0.532278,1.19978
SPRP,AE32_256,33554432,30,10,0,0.0503959,3173.6,315.1,31736,32382,33885,269182,518.827,0.792811,0.535263,1.24505
SPRP,AE32_256,67108864,30,10,0,0.0363759,3243.7,308.29,32437,33686,36145,823012,907.2,1.16923,1.21334,1.37676
SPRP,AE32_256,134217728,30,10,0,0.0268493,3391.7,294.837,33917,34985.7,37507,744879,863.063,0.958142,0.591268,1.2383
SPRP,AE32_256,268435456,30,10,0,0.0197867,3516.6,284.366,35166,36388.7,39737,1.03615e+06,1017.92,1.44545,2.40677,1.20115
SPRP,AE32_256,536870912,30,10,0,0.0144557,3637.4,274.922,36374,37443.1,39231,634513,796.563,0.810907,-0.518216,1.34214
SPRP,AE32_256,1073741824,30,10,0,0.010575,3750.1,266.66,37501,38978.3,43208,1.89347e+06,1376.03,1.57325,2.17464,1.07362
SPRP,AE32_256,2147483648,30,10,0,0.00771202,3851.9,259.612,38519,39912.1,41963,615149,784.314,0.780474,0.344072,1.7762
SPRP,bpsw,2,30,10,0,2.09328,4618.2,216.535,46182,47518.2,50076,1.52562e+06,1235.16,0.744762,-0.866704,1.08178
SPRP,bpsw,4,30,10,0,2.08617,4614.4,216.713,46144,47855.2,51749,2.10912e+06,1452.28,0.972656,0.678789,1.17826
SPRP,bpsw,8,30,10,0,2.09597,4638.8,215.573,46388,48082.9,50469,1.26229e+06,1123.52,0.100516,-0.833042,1.50857
SPRP,bpsw,16,30,10,0,2.09903,4646,215.239,46460,48639.9,52826,1.50456e+06,1226.61,1.11035,2.77404,1.77715
SPRP,bpsw,32,30,10,0,2.09617,4629.8,215.992,46298,48306.6,51580,2.24888e+06,1499.63,0.550232,-0.604519,1.3394
SPRP,bpsw,64,30,10,0,2.11863,4675.6,213.876,46756,48739.9,56708,5.35684e+06,2314.48,2.04359,3.78401,0.857167
SPRP,bpsw,128,30,10,0,2.16453,4802,208.247,48020,50721.4,57502,5.83e+06,2414.54,1.10759,0.46187,1.11882
SPRP,bpsw,256,30,10,0,2.13448,4730,211.416,47300,52906,60065,1.13657e+07,3371.3,0.577605,-0.513317,1.66285
SPRP,bpsw,512,30,10,0,2.10901,4699.3,212.798,46993,49799.2,53993,3.84748e+06,1961.5,0.442045,-0.686129,1.43062
SPRP,bpsw,1024,30,10,0,2.02221,4735.6,211.166,47356,50656.2,59392,6.39694e+06,2529.22,1.54565,3.03468,1.30483
SPRP,bpsw,2048,30,10,0,1.97906,4744.8,210.757,47448,50939.6,60447,1.10401e+07,3322.67,1.2833,0.850848,1.05084
SPRP,bpsw,4096,30,10,0,2.01009,4819.4,207.495,48194,52323.2,65025,1.76817e+07,4204.96,1.78403,2.78309,0.981991
SPRP,bpsw,8192,30,10,0,1.88004,4830,207.039,48300,49658.6,51798,720656,848.914,0.518538,0.0782137,1.6004
SPRP,bpsw,16384,30,10,0,1.79626,4943.5,202.286,49435,50974.2,54276,1.61777e+06,1271.92,0.864987,-0.0400339,1.21014
SPRP,bpsw,32768,30,10,0,1.64146,5156.8,193.919,51568,54343.4,60923,4.87948e+06,2208.95,1.13243,0.966607,1.25642
SPRP,bpsw,65536,30,10,0,1.48376,5509.2,181.515,55092,57524.8,61024,2.01755e+06,1420.41,0.209482,-0.541867,1.71275
SPRP,bpsw,131072,30,10,0,1.24436,5815.5,171.954,58155,60375.2,64110,2.16173e+06,1470.28,0.920762,0.585802,1.51007
SPRP,bpsw,262144,30,10,0,0.969359,5947.5,168.138,59475,61999.2,68458,4.3106e+06,2076.2,1.15855,1.49616,1.21578
SPRP,bpsw,524288,30,10,0,0.739481,6109.3,163.685,61093,63879.1,70230,3.9848e+06,1996.2,1.08278,1.54729,1.39572
SPRP,bpsw,1048576,30,10,0,0.562882,6385,156.617,63850,68384.1,82554,2.44049e+07,4940.13,1.5019,1.23657,0.917817
SPRP,bpsw,2097152,30,10,0,0.41977,6626.2,150.916,66262,70658,81786,1.68467e+07,4104.47,1.32257,0.782168,1.07103
SPRP,bpsw,4194304,30,10,0,0.305631,6929.3,144.315,69293,74177.1,87850,1.91835e+07,4379.9,1.58247,2.19076,1.11511
SPRP,bpsw,8388608,30,10,0,0.227027,7115.7,140.534,71157,74296.5,77685,4.03261e+06,2008.14,0.228517,-1.14479,1.56341
SPRP,bpsw,16777216,30,10,0,0.164963,7368.6,135.711,73686,76916.2,81365,4.15854e+06,2039.25,0.229202,-0.666747,1.584
SPRP,bpsw,33554432,30,10,0,0.120232,7571.4,132.076,75714,80217.1,91233,1.06322e+07,3260.7,1.38124,2.52133,1.38101
SPRP,bpsw,67108864,30,10,0,0.087973,7844.7,127.475,78447,82412.6,89593,7.34571e+06,2710.3,0.664023,-0.103546,1.46315
SPRP,bpsw,134217728,30,10,0,0.0635708,8030.5,124.525,80305,85572.3,96949,8.44041e+06,2905.24,1.74471,6.15249,1.81304
SPRP,bpsw,268435456,30,10,0,0.0465364,8270.7,120.909,82707,87290.5,92625,5.72383e+06,2392.45,0.333664,-0.264697,1.91583
SPRP,bpsw,536870912,30,10,0,0.0344343,8664.5,115.413,86645,90387.6,97938,9.10996e+06,3018.27,1.03592,0.139562,1.23997
SPRP,bpsw,1073741824,30,10,0,0.0252542,8955.6,111.662,89556,94356.4,100842,6.11638e+06,2473.13,0.29493,0.0432964,1.94102
SPRP,bpsw,2147483648,30,10,0,0.0186697,9324.9,107.24,93249,97382.9,104864,8.34608e+06,2888.96,0.642695,0.317617,1.43094
SPRP,isPrime,2,30,10,0,1.39983,3088.3,323.803,30883,32265,33967,581375,762.48,0.333538,-0.595034,1.81246
SPRP,isPrime,4,30,10,0,1.39057,3075.8,325.119,30758,32223.8,35733,1.06349e+06,1031.26,1.06043,2.45132,1.42134
SPRP,isPrime,8,30,10,0,1.37204,3036.6,329.316,30366,32744.3,38114,1.86583e+06,1365.95,1.91438,6.30433,1.7411
SPRP,isPrime,16,30,10,0,1.36839,3028.8,330.164,30288,32400.7,35919,2.13683e+06,1461.79,0.733253,-0.152334,1.44526
SPRP,isPrime,32,30,10,0,1.40381,3100.6,322.518,31006,32695.2,35670,1.30559e+06,1142.62,0.672775,-0.124494,1.47835
SPRP,isPrime,64,30,10,0,1.37732,3039.6,328.991,30396,32843,36069,1.17222e+06,1082.69,0.763353,1.47579,2.26014
SPRP,isPrime,128,30,10,0,1.36187,3021.3,330.983,30213,32031.9,35939,1.50827e+06,1228.12,1.24729,1.90901,1.48107
SPRP,isPrime,256,30,10,0,1.4125,3130.1,319.479,31301,32955.2,35885,1.13213e+06,1064.01,1.0106,0.788308,1.55465
SPRP,isPrime,512,30,10,0,1.42047,3165.1,315.946,31651,33484.1,38919,2.49931e+06,1580.92,1.73823,3.18588,1.15951
SPRP,isPrime,1024,30,10,0,1.31561,3080.9,324.58,30809,33210.7,35845,1.62852e+06,1276.13,0.494166,-0.669138,1.88204
SPRP,isPrime,2048,30,10,0,1.30682,3133.1,319.173,31331,33256.3,36038,1.16543e+06,1079.55,0.379217,0.0574542,1.78346
SPRP,isPrime,4096,30,10,0,1.35131,3239.9,308.652,32399,34243.7,37293,1.2458e+06,1116.16,1.19821,1.38646,1.6527
SPRP,isPrime,8192,30,10,0,1.28948,3312.8,301.859,33128,34774.7,39836,1.74725e+06,1321.84,1.98845,5.29448,1.24577
SPRP,isPrime,16384,30,10,0,1.28113,3525.8,283.624,35258,39338,59967,1.93562e+07,4399.57,3.6564,14.4948,0.927355
SPRP,isPrime,32768,30,10,0,1.22632,3852.6,259.565,38526,41944.1,45400,3.8853e+06,1971.12,0.580592,-0.786948,1.73409
SPRP,isPrime,65536,30,10,0,1.22055,4531.9,220.658,45319,48266.3,51715,2.34346e+06,1530.84,0.237618,-0.638466,1.92529
SPRP,isPrime,131072,30,10,0,1.07433,5020.9,199.167,50209,54128.2,67365,1.39619e+07,3736.56,2.51343,6.07217,1.04888
SPRP,isPrime,262144,30,10,0,0.806291,4947,202.143,49470,51889.8,55392,2.31374e+06,1521.1,0.487477,-0.358249,1.5908
SPRP,isPrime,524288,30,10,0,0.585637,4838.3,206.684,48383,50530.9,53828,1.47009e+06,1212.47,0.577317,0.270403,1.77153
SPRP,isPrime,1048576,30,10,0,0.429289,4869.6,205.356,48696,51816.4,59355,7.4807e+06,2735.09,1.23859,0.737015,1.14088
SPRP,isPrime,2097152,30,10,0,0.335686,5298.9,188.718,52989,56395.4,61226,4.87055e+06,2206.93,0.490084,-0.493314,1.5435
SPRP,isPrime,4194304,30,10,0,0.239713,5434.8,183.999,54348,56818.1,60882,2.55261e+06,1597.69,0.675408,-0.0262154,1.54602
SPRP,isPrime,8388608,30,10,0,0.180223,5648.7,177.032,56487,59675.1,63871,3.7016e+06,1923.95,0.497255,-0.39633,1.65706
SPRP,isPrime,16777216,30,10,0,0.194337,8680.7,115.198,86807,91361.4,97699,8.82675e+06,2970.98,0.729029,-0.165661,1.53295
SPRP,isPrime,33554432,30,10,0,0.145438,9158.7,109.186,91587,98121.1,109143,2.10729e+07,4590.53,0.563783,-0.511493,1.4234
SPRP,isPrime,67108864,30,10,0,0.103762,9252.6,108.078,92526,96387.1,101724,5.94046e+06,2437.31,0.586662,0.0295588,1.58418
SPRP,isPrime,134217728,30,10,0,0.0762462,9631.7,103.824,96317,101316,107718,1.13708e+07,3372.06,0.414667,-0.941177,1.48251
SPRP,isPrime,268435456,30,10,0,0.0557089,9900.9,101.001,99009,103798,108569,4.84958e+06,2202.18,-0.00211378,0.548325,2.17464
SPRP,isPrime,536870912,30,10,0,0.0411841,10362.9,96.4981,103629,107028,114227,6.64606e+06,2577.99,1.05151,0.929445,1.31865
SPRP,isPrime,1073741824,30,10,0,0.0298707,10592.7,94.4046,105927,111988,120530,1.35339e+07,3678.85,0.765317,0.118384,1.64759
SPRP,isPrime,2147483648,30,10,0,0.0218935,10935.1,91.4486,109351,116538,135218,3.07702e+07,5547.09,1.51184,2.62973,1.2957
SPRP,worley,2,30,10,0,0.661273,1458.9,685.448,14589,15474.8,16601,198603,445.649,-0.021242,0.225631,1.98766
SPRP,worley,4,30,10,0,0.658936,1457.5,686.106,14575,15594.5,19143,1.05274e+06,1026.03,2.43793,5.61952,0.993601
SPRP,worley,8,30,10,0,0.654618,1448.8,690.226,14488,15614.1,18041,557965,746.97,1.09296,2.05902,1.50756
SPRP,worley,16,30,10,0,0.662736,1466.9,681.71,14669,16186.2,18559,694068,833.107,0.487295,0.733453,1.82109
SPRP,worley,32,30,10,0,0.670394,1480.7,675.356,14807,15731.2,18598,584674,764.64,1.9617,4.8834,1.20872
SPRP,worley,64,30,10,0,0.668358,1475,677.966,14750,15427,16870,196169,442.909,1.56214,2.9427,1.52853
SPRP,worley,128,30,10,0,0.658418,1460.7,684.603,14607,15799.4,19896,1.21929e+06,1104.22,2.24234,5.19904,1.07983
SPRP,worley,256,30,10,0,0.665388,1474.5,678.196,14745,15425.7,17199,272337,521.859,1.45469,2.74813,1.30444
SPRP,worley,512,30,10,0,0.658918,1468.2,681.106,14682,15742.6,18068,835389,913.996,1.2465,0.512735,1.1604
SPRP,worley,1024,30,10,0,0.634213,1485.2,673.31,14852,16059.5,17198,458387,677.043,0.0576031,-1.04146,1.78349
SPRP,worley,2048,30,10,0,0.617685,1480.9,675.265,14809,16037,19973,1.46034e+06,1208.45,1.83571,3.03965,1.01621
SPRP,worley,4096,30,10,0,0.63038,1511.4,661.638,15114,16261.5,18282,595369,771.601,0.626304,0.161162,1.48717
SPRP,worley,8192,30,10,0,0.60527,1555,643.087,15550,16867.7,18765,480260,693.008,0.787287,0.877314,1.90147
SPRP,worley,16384,30,10,0,0.601541,1655.5,604.047,16555,17828.4,19523,553104,743.71,0.661594,-0.0907971,1.71218
SPRP,worley,32768,30,10,0,0.580723,1824.4,548.125,18244,19295,21045,521438,722.107,0.448224,-0.494321,1.45542
SPRP,worley,65536,30,10,0,0.581147,2157.8,463.435,21578,22901,27381,1.2509e+06,1118.44,2.22425,6.84686,1.1829
SPRP,worley,131072,30,10,0,0.529154,2473,404.367,24730,25975.6,28430,842458,917.855,1.08189,0.795661,1.35704
SPRP,worley,262144,30,10,0,0.397392,2438.2,410.139,24382,26346,29727,1.34727e+06,1160.72,0.907943,1.07334,1.69205
SPRP,worley,524288,30,10,0,0.296105,2446.3,408.781,24463,26168.7,33384,2.5179e+06,1586.79,3.25619,12.4474,1.07492
SPRP,worley,1048576,30,10,0,0.220287,2498.8,400.192,24988,26150.3,29912,897153,947.182,1.9866,6.33587,1.22708
SPRP,worley,2097152,30,10,0,0.16262,2567,389.56,25670,27208.5,28929,518759,720.249,0.173647,-0.0586114,2.13611
SPRP,worley,4194304,30,10,0,0.117501,2664,375.375,26640,28177.6,30221,829234,910.623,0.586651,-0.0365566,1.68855
SPRP,worley,8388608,30,10,0,0.0883677,2769.7,361.05,27697,29508.9,33576,1.67182e+06,1292.99,1.29551,1.92693,1.40133
SPRP,worley,16777216,30,10,0,0.0657,2934.7,340.75,29347,31156.2,35269,2.08621e+06,1444.37,0.95267,0.447944,1.25256
SPRP,worley,33554432,30,10,0,0.0478662,3014.3,331.752,30143,32093.3,34284,1.19904e+06,1095.01,0.419923,-0.723183,1.78106
SPRP,worley,67108864,30,10,0,0.0350313,3123.8,320.123,31238,32820.8,37271,1.60262e+06,1265.95,1.55376,3.26988,1.25029
SPRP,worley,134217728,30,10,0,0.0256381,3238.7,308.766,32387,33540.5,35728,521532,722.172,0.66494,0.932561,1.59722
SPRP,worley,268435456,30,10,0,0.0190963,3393.9,294.646,33939,35372.6,37802,1.12024e+06,1058.41,0.671858,-0.643473,1.35448
SPRP,worley,536870912,30,10,0,0.0137507,3460,289.017,34600,36360.4,38442,901554,949.502,0.275629,-0.481504,1.85402
SPRP,worley,1073741824,30,10,0,0.0100982,3581,279.252,35810,37246.5,38813,819184,905.088,0.149284,-1.2161,1.58714
SPRP,worley,2147483648,30,10,0,0.00744033,3716.2,269.092,37162,39466.2,43441,2.63085e+06,1621.99,0.626762,-0.257195,1.42062
SPRP,isPrime1e15,2,30,10,0,4.79141,10570.8,94.6002,105708,112198,142501,4.77287e+07,6908.59,3.03466,10.5883,0.939376
SPRP,isPrime1e15,4,30,10,0,4.72015,10440.5,95.7809,104405,113265,132973,4.49292e+07,6702.93,1.32411,1.22636,1.32178
SPRP,isPrime1e15,8,30,10,0,4.76685,10550,94.7867,105500,110338,117240,8.43026e+06,2903.49,0.568985,-0.132408,1.66636
SPRP,isPrime1e15,16,30,10,0,4.72093,10449.3,95.7002,104493,111000,132141,3.30591e+07,5749.7,2.076,4.90635,1.13165
SPRP,isPrime1e15,32,30,10,0,4.62897,10224,97.8091,102240,108205,120215,1.57477e+07,3968.34,0.756807,1.0219,1.5032
SPRP,isPrime1e15,64,30,10,0,4.63079,10219.7,97.8502,102197,107847,116992,1.39862e+07,3739.81,0.468419,-0.438604,1.51076
SPRP,isPrime1e15,128,30,10,0,4.64142,10297,97.1157,102970,107826,112820,8.85902e+06,2976.41,-0.241186,-1.07899,1.63135
SPRP,isPrime1e15,256,30,10,0,4.64991,10304.2,97.0478,103042,109657,116436,1.81405e+07,4259.16,0.0991613,-1.10725,1.55323
SPRP,isPrime1e15,512,30,10,0,4.60901,10269.8,97.3729,102698,109327,135370,3.33404e+07,5774.11,3.02103,12.0151,1.14797
SPRP,isPrime1e15,1024,30,10,0,4.40208,10308.8,97.0045,103088,108476,116016,1.01501e+07,3185.93,0.105281,-0.387476,1.69126
SPRP,isPrime1e15,2048,30,10,0,4.47141,10720.2,93.2818,107202,112161,116070,8.55833e+06,2925.46,-0.328045,-1.30083,1.69504
SPRP,isPrime1e15,4096,30,10,0,4.43694,10638,94.0026,106380,113253,118479,1.35097e+07,3675.56,-0.361935,-1.19988,1.86988
SPRP,isPrime1e15,8192,30,10,0,4.18166,10743.1,93.083,107431,114023,120515,1.07329e+07,3276.1,-0.243473,-0.518044,2.01208
SPRP,isPrime1e15,16384,30,10,0,3.89259,10712.8,93.3463,107128,113918,122199,1.46175e+07,3823.28,0.358411,-0.731869,1.7759
SPRP,isPrime1e15,32768,30,10,0,3.46416,10883,91.8864,108830,116242,132829,2.03275e+07,4508.6,1.45342,4.28643,1.64407
SPRP,isPrime1e15,65536,30,10,0,3.016,11198.4,89.2985,111984,117662,126019,9.30979e+06,3051.19,0.590558,0.477729,1.86088
SPRP,isPrime1e15,131072,30,10,0,2.39491,11192.6,89.3447,111926,119788,130011,1.51226e+07,3888.77,-0.0593776,0.579472,2.02182
SPRP,isPrime1e15,262144,30,10,0,1.92618,11818.1,84.616,118181,124875,129770,7.82976e+06,2798.17,-0.441346,-0.0625387,2.39228
SPRP,isPrime1e15,524288,30,10,0,1.41968,11728.8,85.2602,117288,124565,133014,1.3093e+07,3618.43,0.378884,0.19371,2.01097
SPRP,isPrime1e15,1048576,30,10,0,1.03036,11687.8,85.5593,116878,123245,133086,1.6778e+07,4096.09,1.13933,0.498662,1.55449
SPRP,isPrime1e15,2097152,30,10,0,0.745269,11764.3,85.0029,117643,122807,129015,8.63658e+06,2938.81,0.275112,-0.561081,1.75717
SPRP,isPrime1e15,4194304,30,10,0,0.538618,12211.6,81.8894,122116,125415,129735,4.5445e+06,2131.78,0.552768,-0.439555,1.54733
SPRP,isPrime1e15,8388608,30,10,0,0.389,12192.4,82.0183,121924,125840,139043,1.15068e+07,3392.17,2.02208,5.6784,1.15428
SPRP,isPrime1e15,16777216,30,10,0,0.272023,12150.8,82.2991,121508,126751,131726,5.37414e+06,2318.22,0.0735943,-0.0843943,2.26152
SPRP,isPrime1e15,33554432,30,10,0,0.195174,12290.8,81.3617,122908,128653,139547,1.13796e+07,3373.37,0.900565,2.04239,1.70305
SPRP,isPrime1e15,67108864,30,10,0,0.142039,12665.9,78.9521,126659,132669,140652,9.23042e+06,3038.16,0.299657,0.142623,1.97815
SPRP,isPrime1e15,134217728,30,10,0,0.100614,12709.9,78.6788,127099,135226,140652,9.74068e+06,3121.01,-0.229823,0.0517392,2.60411
SPRP,isPrime1e15,268435456,30,10,0,0.0710022,12618.9,79.2462,126189,134979,142652,1.83486e+07,4283.52,0.157149,-0.872045,2.05203
SPRP,isPrime1e15,536870912,30,10,0,0.051623,12989.6,76.9847,129896,138184,146030,1.69697e+07,4119.43,0.0442961,-0.648962,2.01198
SPRP,isPrime1e15,1073741824,30,10,0,0.0373565,13247.3,75.4871,132473,138572,145629,1.26613e+07,3558.27,0.144459,-0.920884,1.71416
SPRP,isPrime1e15,2147483648,30,10,0,0.0269397,13455.5,74.3191,134555,140528,147874,7.32421e+06,2706.33,0.0611547,0.895781,2.207
SPRP,FJ32_224,2,30,10,0,0.710634,1567.8,637.836,15678,16270.2,17106,175562,419.001,0.332245,-0.960946,1.41344
SPRP,FJ32_224,4,30,10,0,0.707175,1564.2,639.304,15642,16422.6,19776,767301,875.957,2.30794,5.96478,0.891139
SPRP,FJ32_224,8,30,10,0,0.70685,1564.4,639.223,15644,16176.4,16792,127499,357.071,0.131735,-1.21833,1.49093
SPRP,FJ32_224,16,30,10,0,0.707915,1566.9,638.203,15669,16335.2,19215,545594,738.643,2.25871,6.03421,0.901969
SPRP,FJ32_224,32,30,10,0,0.709739,1567.6,637.918,15676,16519.8,19360,772989,879.198,1.42119,2.00266,0.959738
SPRP,FJ32_224,64,30,10,0,0.71349,1574.6,635.082,15746,16659.2,19069,604723,777.639,1.3677,1.84428,1.17428
SPRP,FJ32_224,128,30,10,0,0.707911,1570.5,636.74,15705,16411.9,18602,371815,609.766,1.59783,3.68182,1.1593
SPRP,FJ32_224,256,30,10,0,0.709973,1573.3,635.607,15733,16621.8,19399,768785,876.804,1.55064,1.90939,1.01372
SPRP,FJ32_224,512,30,10,0,0.710529,1583.2,631.632,15832,16745.8,20196,913377,955.708,2.08927,4.28916,0.95615
SPRP,FJ32_224,1024,30,10,0,0.679307,1590.8,628.615,15908,16903.3,19709,965468,982.582,1.4559,1.26026,1.01298
SPRP,FJ32_224,2048,30,10,0,0.671241,1609.3,621.388,16093,16815.3,20876,873481,934.602,3.11173,10.4991,0.772878
SPRP,FJ32_224,4096,30,10,0,0.682724,1636.9,610.911,16369,17163.6,18613,411497,641.48,0.476355,-0.676339,1.2387
SPRP,FJ32_224,8192,30,10,0,0.658908,1692.8,590.737,16928,17874.4,21778,1.28527e+06,1133.7,2.08939,3.99897,0.834763
SPRP,FJ32_224,16384,30,10,0,0.652338,1795.3,557.01,17953,18930,22368,1.32779e+06,1152.3,1.9264,2.80063,0.847872
SPRP,FJ32_224,32768,30,10,0,0.634995,1994.9,501.278,19949,20542.3,21860,243463,493.42,1.12609,1.0774,1.20236
SPRP,FJ32_224,65536,30,10,0,0.63108,2343.2,426.767,23432,24307.7,28142,952429,975.925,2.28825,6.19871,0.897303
SPRP,FJ32_224,131072,30,10,0,0.56003,2617.3,382.073,26173,27571,31282,1.23668e+06,1112.06,1.24226,2.19984,1.25709
SPRP,FJ32_224,262144,30,10,0,0.416951,2558.2,390.9,25582,26612.5,28776,723408,850.534,1.05544,0.461937,1.21163
SPRP,FJ32_224,524288,30,10,0,0.309214,2554.6,391.451,25546,26721.8,30792,1.30042e+06,1140.36,1.58275,3.41258,1.03111
SPRP,FJ32_224,1048576,30,10,0,0.22979,2606.6,383.642,26066,27310.8,30729,1.41253e+06,1188.5,1.4215,1.72189,1.0474
SPRP,FJ32_224,2097152,30,10,0,0.16898,2667.4,374.897,26674,28206.4,31592,2.36325e+06,1537.29,1.00937,-0.183294,0.996842
SPRP,FJ32_224,4194304,30,10,0,0.120712,2736.8,365.39,27368,28651.1,32306,1.72993e+06,1315.27,1.68115,2.14753,0.975569
SPRP,FJ32_224,8388608,30,10,0,0.090164,2826,353.857,28260,29544,32891,1.31814e+06,1148.1,1.32946,1.36809,1.11834
SPRP,FJ32_224,16777216,30,10,0,0.0654851,2925.1,341.869,29251,30648,35092,2.22351e+06,1491.14,1.60356,1.99612,0.936888
SPRP,FJ32_224,33554432,30,10,0,0.0482378,3037.7,329.196,30377,31589.3,33752,967584,983.659,0.370361,-0.905692,1.23244
SPRP,FJ32_224,67108864,30,10,0,0.0353262,3150.1,317.45,31501,32691.4,37176,1.65886e+06,1287.97,1.6932,3.24931,0.924222
SPRP,FJ32_224,134217728,30,10,0,0.025783,3257,307.031,32570,34026.4,37432,1.38226e+06,1175.7,1.01296,0.710471,1.23873
SPRP,FJ32_224,268435456,30,10,0,0.0190367,3383.3,295.569,33833,35766.8,43042,4.88906e+06,2211.12,1.59293,2.23496,0.874578
SPRP,FJ32_224,536870912,30,10,0,0.0139057,3499,285.796,34990,36786.7,40342,2.16826e+06,1472.5,1.07598,0.380668,1.22015
SPRP,FJ32_224,1073741824,30,10,0,0.0101938,3614.9,276.633,36149,37354.2,39704,1.15656e+06,1075.43,0.618803,-0.814934,1.12063
SPRP,FJ32_224,2147483648,30,10,0,0.00746556,3728.8,268.183,37288,38804.8,41350,1.47972e+06,1216.44,0.796727,-0.473933,1.24692
SPRP,FJ32_256,2,30,10,0,0.704741,1554.8,643.17,15548,16491.9,20027,773021,879.216,2.3747,6.99336,1.07353
SPRP,FJ32_256,4,30,10,0,0.703106,1555.2,643.004,15552,16218.2,18000,369220,607.635,1.12542,0.811962,1.09644
SPRP,FJ32_256,8,30,10,0,0.70328,1556.5,642.467,15565,16336.1,18446,336980,580.5,1.64917,4.15713,1.3284
SPRP,FJ32_256,16,30,10,0,0.703985,1558.2,641.766,15582,16095.2,16734,120692,347.408,0.108673,-0.924991,1.47723
SPRP,FJ32_256,32,30,10,0,0.70417,1555.3,642.963,15553,16014.6,18232,321923,567.383,2.52609,6.81818,0.813619
SPRP,FJ32_256,64,30,10,0,0.706693,1559.6,641.19,15596,16192.8,17711,336231,579.855,1.0967,0.74152,1.02917
SPRP,FJ32_256,128,30,10,0,0.700789,1554.7,643.211,15547,16276.8,19851,792723,890.35,2.38424,6.71302,0.819678
SPRP,FJ32_256,256,30,10,0,0.704468,1561.1,640.574,15611,16553.2,20280,1.28232e+06,1132.39,1.5052,2.12901,0.832071
SPRP,FJ32_256,512,30,10,0,0.704111,1568.9,637.389,15689,16626.2,19575,1.13668e+06,1066.15,1.57905,1.61777,0.879081
SPRP,FJ32_256,1024,30,10,0,0.673371,1576.9,634.156,15769,16608.4,20341,880324,938.256,2.39582,6.52281,0.894674
SPRP,FJ32_256,2048,30,10,0,0.669531,1605.2,622.975,16052,16931.4,20234,721637,849.492,2.42078,6.4456,1.03517
SPRP,FJ32_256,4096,30,10,0,0.678136,1625.9,615.044,16259,16957.1,18757,256219,506.181,1.58095,3.65606,1.37922
SPRP,FJ32_256,8192,30,10,0,0.653108,1677.9,595.983,16779,17961.8,21690,1.32588e+06,1151.47,1.48765,2.09195,1.02724
SPRP,FJ32_256,16384,30,10,0,0.646161,1778.3,562.335,17783,18561.8,19558,256968,506.92,0.214636,-0.8217,1.53627
SPRP,FJ32_256,32768,30,10,0,0.628852,1975.6,506.175,19756,20510.5,23757,689126,830.136,2.11287,5.72431,0.908928
SPRP,FJ32_256,65536,30,10,0,0.630299,2340.3,427.296,23403,24321.4,25673,355085,595.89,0.375411,-0.605043,1.54128
SPRP,FJ32_256,131072,30,10,0,0.561592,2624.6,381.01,26246,27236.3,28650,542903,736.819,0.305914,-0.97084,1.34402
SPRP,FJ32_256,262144,30,10,0,0.415712,2550.6,392.065,25506,26865.3,31833,2.4513e+06,1565.66,1.92149,2.97864,0.868194
SPRP,FJ32_256,524288,30,10,0,0.305655,2525.2,396.008,25252,26270.8,28859,841921,917.562,1.11591,1.1249,1.1103
SPRP,FJ32_256,1048576,30,10,0,0.227339,2578.8,387.777,25788,27053.2,30201,1.03512e+06,1017.41,1.25669,1.66569,1.24355
SPRP,FJ32_256,2097152,30,10,0,0.168093,2653.4,376.875,26534,27702.6,32037,1.4813e+06,1217.09,1.74303,3.46803,0.960134
SPRP,FJ32_256,4194304,30,10,0,0.121215,2748.2,363.875,27482,28763.7,31864,1.05063e+06,1025,1.25075,1.48422,1.2504
SPRP,FJ32_256,8388608,30,10,0,0.0905628,2838.5,352.299,28385,29636.6,32626,895721,946.426,1.07354,1.47774,1.32245
SPRP,FJ32_256,16777216,30,10,0,0.0656955,2934.5,340.774,29345,30330.8,33291,958339,978.948,1.23477,1.05683,1.00703
SPRP,FJ32_256,33554432,30,10,0,0.0482886,3040.9,328.85,30409,31490.9,35228,1.29607e+06,1138.45,1.79586,3.22973,0.950325
SPRP,FJ32_256,67108864,30,10,0,0.0353823,3155.1,316.947,31551,32889.9,36573,1.86356e+06,1365.12,1.24968,0.897524,0.980766
SPRP,FJ32_256,134217728,30,10,0,0.0258075,3260.1,306.739,32601,34329.3,38123,2.03079e+06,1425.06,1.1269,0.582326,1.21279
SPRP,FJ32_256,268435456,30,10,0,0.0190097,3378.5,295.989,33785,35006,37291,947570,973.432,0.78304,-0.00725478,1.25429
SPRP,FJ32_256,536870912,30,10,0,0.0139907,3520.4,284.059,35204,36753.3,40587,1.47497e+06,1214.48,1.27751,1.57883,1.27572
SPRP,FJ32_256,1073741824,30,10,0,0.0102059,3619.2,276.304,36192,37961.6,44781,2.98302e+06,1727.14,2.09987,6.13878,1.0246
SPRP,FJ32_256,2147483648,30,10,0,0.00746216,3727.1,268.305,37271,38913.5,43933,2.36458e+06,1537.72,1.35838,2.09156,1.06812
SPRP,FJ32_1024,2,30,10,0,0.685251,1511.8,661.463,15118,15793.6,17567,416739,645.554,1.15239,1.04564,1.0466
SPRP,FJ32_1024,4,30,10,0,0.685112,1515.4,659.892,15154,15853.5,17596,289194,537.767,1.17143,1.98993,1.30075
SPRP,FJ32_1024,8,30,10,0,0.684394,1514.7,660.197,15147,15880.7,17535,311866,558.449,0.886196,1.29005,1.31382
SPRP,FJ32_1024,16,30,10,0,0.685506,1517.3,659.065,15173,15894.6,18107,378944,615.584,1.50625,3.58449,1.17222
SPRP,FJ32_1024,32,30,10,0,0.68452,1511.9,661.419,15119,15688.6,17262,199919,447.123,1.31029,3.06866,1.274
SPRP,FJ32_1024,64,30,10,0,0.686755,1515.6,659.805,15156,16085.3,20234,1.25504e+06,1120.28,2.4483,5.93147,0.829492
SPRP,FJ32_1024,128,30,10,0,0.684787,1519.2,658.241,15192,15664.1,17166,220240,469.297,1.24908,1.46362,1.00597
SPRP,FJ32_1024,256,30,10,0,0.687996,1524.6,655.91,15246,16015.3,19453,1.02526e+06,1012.55,1.85639,3.24043,0.759796
SPRP,FJ32_1024,512,30,10,0,0.6858,1528.1,654.407,15281,15911.5,17325,299898,547.629,0.975107,0.615343,1.15139
SPRP,FJ32_1024,1024,30,10,0,0.656205,1536.7,650.745,15367,15893.2,17189,241223,491.145,0.821058,-0.173751,1.07144
SPRP,FJ32_1024,2048,30,10,0,0.650261,1559,641.437,15590,16434.5,19402,798140,893.387,1.80616,2.91799,0.945316
SPRP,FJ32_1024,4096,30,10,0,0.660244,1583,631.712,15830,16582.5,20841,816284,903.484,3.59299,14.7121,0.832887
SPRP,FJ32_1024,8192,30,10,0,0.636176,1634.4,611.845,16344,17004,19220,495256,703.744,1.52782,1.98906,0.937888
SPRP,FJ32_1024,16384,30,10,0,0.623597,1716.2,582.683,17162,18025.1,21234,893571,945.289,1.90135,3.48401,0.913054
SPRP,FJ32_1024,32768,30,10,0,0.603069,1894.6,527.816,18946,19733,23780,1.12855e+06,1062.33,2.49618,6.46559,0.740853
SPRP,FJ32_1024,65536,30,10,0,0.59561,2211.5,452.182,22115,23019.9,25306,648615,805.366,1.48379,1.89988,1.12363
SPRP,FJ32_1024,131072,30,10,0,0.527506,2465.3,405.63,24653,26217.3,29512,1.64039e+06,1280.78,1.24208,0.967454,1.22137
SPRP,FJ32_1024,262144,30,10,0,0.395795,2428.4,411.794,24284,25438.7,29712,2.00232e+06,1415.03,1.83406,2.57004,0.816023
SPRP,FJ32_1024,524288,30,10,0,0.294326,2431.6,411.252,24316,25333.2,29022,1.04466e+06,1022.09,1.73331,3.78697,0.99522
SPRP,FJ32_1024,1048576,30,10,0,0.2187,2480.8,403.096,24808,25637.3,27226,391360,625.588,0.463031,-0.374863,1.32569
SPRP,FJ32_1024,2097152,30,10,0,0.1616,2550.9,392.019,25509,26595.6,30486,1.48676e+06,1219.33,1.82477,3.01233,0.89112
SPRP,FJ32_1024,4194304,30,10,0,0.116729,2646.5,377.858,26465,27963.7,32212,2.79328e+06,1671.31,1.09051,0.111466,0.896722
SPRP,FJ32_1024,8388608,30,10,0,0.0876594,2747.5,363.967,27475,28738,32171,1.52009e+06,1232.92,1.43132,1.738,1.02437
SPRP,FJ32_1024,16777216,30,10,0,0.0639941,2858.5,349.834,28585,29566.5,31191,636736,797.957,0.504284,-0.918438,1.22997
SPRP,FJ32_1024,33554432,30,10,0,0.0473311,2980.6,335.503,29806,30962.4,34511,1.36508e+06,1168.37,1.38836,1.8552,0.989785
SPRP,FJ32_1024,67108864,30,10,0,0.034539,3079.9,324.686,30799,32106.1,36365,1.80648e+06,1344.05,1.67162,2.8475,0.972532
SPRP,FJ32_1024,134217728,30,10,0,0.0253159,3198,312.695,31980,33342.2,37159,1.80877e+06,1344.91,1.4425,1.46135,1.01286
SPRP,FJ32_1024,268435456,30,10,0,0.0187041,3324.2,300.824,33242,34776.3,38260,2.27566e+06,1508.53,1.08741,0.100991,1.01711
SPRP,FJ32_1024,536870912,30,10,0,0.0136752,3441,290.613,34410,35784.5,38282,1.07736e+06,1037.96,0.824104,-0.12528,1.32426
SPRP,FJ32_1024,1073741824,30,10,0,0.00999357,3543.9,282.175,35439,37025.6,42709,2.74608e+06,1657.13,1.62409,2.9634,0.957439
SPRP,FJ32_1024,2147483648,30,10,0,0.00732461,3658.4,273.344,36584,38204.6,41654,2.08119e+06,1442.63,0.845147,-0.135103,1.12336
SPRP,efficient_mr64,2,30,10,0,3.59949,7941.2,125.926,79412,83216.8,89006,6.43098e+06,2535.94,0.331059,-0.591492,1.50035
SPRP,efficient_mr64,4,30,10,0,3.59835,7959.2,125.641,79592,83088.1,92658,9.1862e+06,3030.88,1.12743,1.51178,1.15348
SPRP,efficient_mr64,8,30,10,0,3.59014,7945.7,125.854,79457,82671.7,88255,5.38091e+06,2319.68,0.589577,-0.329633,1.38584
SPRP,efficient_mr64,16,30,10,0,3.58733,7940.2,125.941,79402,82251.1,86399,3.57217e+06,1890.02,0.273279,-0.847782,1.50746
SPRP,efficient_mr64,32,30,10,0,3.59723,7945.2,125.862,79452,82640.4,86204,3.791e+06,1947.05,-0.164878,-1.0323,1.63755
SPRP,efficient_mr64,64,30,10,0,3.6153,7978.6,125.335,79786,82786.2,89185,6.32073e+06,2514.11,0.965119,0.413833,1.19336
SPRP,efficient_mr64,128,30,10,0,3.58756,7959,125.644,79590,83441.4,87539,5.88789e+06,2426.5,0.140998,-1.0957,1.58724
SPRP,efficient_mr64,256,30,10,0,3.59486,7966.2,125.53,79662,83812.1,89850,6.97238e+06,2640.53,0.419306,-0.0713499,1.57171
SPRP,efficient_mr64,512,30,10,0,3.59811,8017.3,124.73,80173,83124.8,86674,4.40217e+06,2098.13,-0.0633504,-1.44906,1.40687
SPRP,efficient_mr64,1024,30,10,0,3.43381,8041.3,124.358,80413,83001.2,88311,5.50777e+06,2346.86,0.70456,-0.829766,1.10283
SPRP,efficient_mr64,2048,30,10,0,3.36788,8074.5,123.847,80745,84349.5,92808,7.15081e+06,2674.1,1.1981,1.67144,1.34794
SPRP,efficient_mr64,4096,30,10,0,3.38964,8127,123.047,81270,84208.1,88895,4.4956e+06,2120.28,0.716628,-0.263968,1.38571
SPRP,efficient_mr64,8192,30,10,0,3.2012,8224.2,121.592,82242,85710.1,93359,7.30081e+06,2702,1.15976,1.11921,1.28354
SPRP,efficient_mr64,16384,30,10,0,3.03539,8353.7,119.707,83537,86537.8,92099,5.66479e+06,2380.08,0.708122,-0.0320391,1.2608
SPRP,efficient_mr64,32768,30,10,0,2.7282,8570.9,116.674,85709,89108.7,97895,5.9255e+06,2434.23,1.45437,3.78782,1.39663
SPRP,efficient_mr64,65536,30,10,0,2.38349,8849.9,112.996,88499,92664.9,100114,9.52557e+06,3086.35,0.839191,0.188306,1.34979
SPRP,efficient_mr64,131072,30,10,0,1.95434,9133.6,109.486,91336,94670.6,101476,6.98513e+06,2642.94,0.628152,-0.278833,1.26171
SPRP,efficient_mr64,262144,30,10,0,1.55487,9539.9,104.823,95399,99223.4,104926,6.30203e+06,2510.38,0.332649,-0.218522,1.52343
SPRP,efficient_mr64,524288,30,10,0,1.21231,10015.6,99.8442,100156,104584,109242,5.70092e+06,2387.66,-0.000649595,-0.528984,1.85455
SPRP,efficient_mr64,1048576,30,10,0,0.92132,10450.9,95.6855,104509,109703,116391,8.59257e+06,2931.31,0.170974,-0.403821,1.77205
SPRP,efficient_mr64,2097152,30,10,0,0.691137,10909.8,91.6607,109098,113366,118741,6.95004e+06,2636.29,-0.0762034,-0.864168,1.61909
SPRP,efficient_mr64,4194304,30,10,0,0.512961,11629.9,85.9853,116299,130535,197107,3.50944e+08,18733.5,2.08775,4.02346,0.759903
SPRP,efficient_mr64,8388608,30,10,0,0.374838,11748.5,85.1172,117485,122804,130569,8.46259e+06,2909.05,-0.00083473,0.465296,1.82838
SPRP,efficient_mr64,16777216,30,10,0,0.275733,12316.5,81.1919,123165,128370,135152,9.08797e+06,3014.63,0.589762,-0.217551,1.7265
SPRP,efficient_mr64,33554432,30,10,0,0.201753,12705.1,78.7086,127051,132518,139110,6.68301e+06,2585.15,0.125852,0.452004,2.11492
SPRP,efficient_mr64,67108864,30,10,0,0.14773,13173.3,75.9111,131733,137035,150601,1.36903e+07,3700.04,1.58985,4.41784,1.43303
SPRP,efficient_mr64,134217728,30,10,0,0.107916,13632.3,73.3552,136323,141289,148601,1.26516e+07,3556.9,0.314898,-0.898324,1.39605
SPRP,efficient_mr64,268435456,30,10,0,0.0788874,14020.3,71.3251,140203,146376,159715,1.7748e+07,4212.84,0.936801,1.4912,1.46523
SPRP,efficient_mr64,536870912,30,10,0,0.0575561,14482.5,69.0489,144825,150788,158892,1.46154e+07,3823.01,0.183874,-0.817625,1.55964
SPRP,efficient_mr64,1073741824,30,10,0,0.0419471,14875.2,67.226,148752,153706,161624,1.49892e+07,3871.58,0.586555,-0.768518,1.27952
SPRP,efficient_mr64,2147483648,30,10,0,0.0306955,15331.4,65.2256,153314,159071,165783,1.16477e+07,3412.87,0.203689,-0.51981,1.68687
